type,location
Photos,Urquhart Castle
Football, Victoria Park Dingwall
Football, Dens Park Stadium Dundee
Photos,Cairngorms National Park
Photos,Glenfinnan Viaduct
Photos,Kilchurn Castle
Photos,Dunnottar Castle
Scotch,Aberlour Distillery
Photos,John Oâ€™Groats
Scotch,Ben Nevis Distillery
Scotch,Dalmore Distillery
Scotch,Fettercairn Distillery
Photos,Cape Wrath
Hiking,Neist Point Lighthouse
Hiking,Quiraing
Scotch,The Glenfiddich Distillery
Scotch,Glenlivet Distillery
Scotch,The Macallan Distillery
Photos,Callanish
Football,Pittodrie Stadium
Scotch,Talker Distillery
Scotch,The Balvenie Distillery
Scotch,Highland Park Distillery
Airport, Edinburgh Airport
Airport, Glasgow Airport

